{
    "wz_list":[
        {
            "wiki":"百科",
            "list":[
                {
                    "title":"百科测试1",
                    "main":"<h1>百科测试1</h1><p>这是p</p>"
                },
                {
                    "title":"百科测试2",
                    "main":"<h1>百科测试2</h1><p>这是p</p>"
                },
                {
                    "title":"百科测试3",
                    "main":"<h1>百科测试3</h1><p>这是p</p>"
                },
                {
                    "title":"百科测试4",
                    "main":"<h1>百科测试4</h1><p>这是p</p>"
                }
            ]
        },
        {
            "wiki":"测试",
            "list":[
                {
                    "title":"测试1",
                    "main":"<h1>1这是h1</h1><p>这是p</p>"
                },
                {
                    "title":"测试2",
                    "main":"<h1>2这是h1</h1><p>这是p</p>"
                },
                {
                    "title":"测试3",
                    "main":"<h1>3这是h1</h1><p>这是p</p>"
                },
                {
                    "title":"测试4",
                    "main":"<h1>4这是h1</h1><p>这是p</p>"
                }
            ]
        }
    ]
}